GEOID,Total population,White,Black,Asian,Hispanic
36061000201,2740,185,91,614,1787
36061000600,10732,664,707,5425,3556
36061001401,3071,2217,169,318,233
36061001402,3133,801,254,1045,875
36061001800,7271,2156,380,3373,958
36061002201,6689,1735,1187,1131,2534
36061002601,4171,1011,442,726,1797
36061002602,3683,2432,231,389,411
36061002800,6483,2107,343,1004,2388
36061003100,2684,1252,297,667,342
36061003200,8000,5943,210,603,868
36061003300,5647,4458,67,511,367
36061003400,6981,4326,270,639,1350
36061003601,2940,898,136,804,962
36061003602,3561,2352,329,486,290
36061003700,3338,2392,32,565,196
36061003900,6830,4061,144,1400,985
36061004001,3004,2343,37,169,271
36061004002,6135,3860,268,983,603
36061004100,7854,3652,62,3699,302
36061004300,3788,2360,24,627,648
36061004500,1189,756,20,252,105
36061005200,3254,2064,151,536,251
36061005400,4851,3314,130,903,386
36061005501,5073,2829,443,1341,236
36061005502,1912,1319,47,319,179
36061005800,4017,2059,320,904,442
36061006300,6456,5328,82,365,337
36061006500,5933,4308,235,773,505
36061006700,5093,4040,185,195,523
36061006800,8293,5026,829,1396,766
36061006900,2450,1994,19,160,201
36061007001,3572,3083,104,194,116
36061007002,4292,2739,388,608,371
36061007100,5384,3919,198,615,566
36061007200,7882,5387,245,1299,407
36061007300,5428,4449,26,275,636
36061007500,3610,2909,99,188,173
36061007600,2258,1040,50,804,288
36061007700,5849,4674,27,184,393
36061007800,9494,5171,127,2047,1545
36061008000,5282,3621,324,761,445
36061008100,7318,5327,254,433,1172
36061008200,3567,1442,188,653,739
36061008300,4073,1257,280,410,1873
36061008400,1466,800,34,500,108
36061008700,6216,4231,427,721,569
36061008900,5844,4004,113,500,1002
36061009100,6656,4740,461,728,561
36061009200,1541,967,19,470,85
36061009300,10198,6346,412,509,2185
36061009400,90,46,0,4,0
36061009500,3151,2269,130,424,285
36061009600,220,121,0,79,15
36061009700,4620,2470,350,633,1033
36061009800,7426,5326,79,1250,618
36061009902,3210,1528,320,667,635
36061009903,744,243,99,148,203
36061010000,1747,923,47,315,344
36061010100,1683,658,218,491,287
36061010200,214,174,8,7,8
36061010300,2565,1368,186,661,165
36061010400,830,576,13,158,54
36061010801,3035,2392,61,360,96
36061010802,4432,3775,0,404,175
36061010803,1335,1175,2,20,120
36061010900,251,151,36,33,22
36061011100,4540,2342,196,1234,594
36061011201,919,700,15,181,17
36061011202,491,390,0,62,22
36061011203,1206,926,79,137,28
36061011300,107,20,54,23,4
36061011401,1217,930,7,165,69
36061011402,2239,1698,10,191,155
36061011800,9567,7420,58,1333,595
36061011900,1152,322,528,21,281
36061012000,3013,2521,139,142,177
36061012101,2899,1804,87,214,501
36061012102,5053,2734,220,288,1595
36061012200,2986,2811,0,67,95
36061012500,2427,1122,201,605,271
36061012601,7106,6169,0,458,331
36061012602,4847,4439,2,208,7
36061012700,7298,4193,226,806,1443
36061013000,3595,3208,34,75,232
36061013100,2780,1439,102,690,541
36061013201,2496,1617,0,134,557
36061013202,3603,2948,0,111,490
36061013300,6471,3220,155,1663,1234
36061013601,1714,1584,0,35,95
36061013602,6756,5006,153,700,807
36061014801,2751,2260,0,141,242
36061014900,5412,4129,54,699,441
36061015001,2001,1839,0,55,54
36061015002,4707,4098,0,177,211
36061015101,3747,356,947,306,1215
36061015301,4450,3332,91,163,380
36061015302,5431,4495,0,709,92
36061015401,5071,4361,74,522,114
36061015402,3579,2044,861,120,305
36061015403,5211,3470,427,588,528
36061015501,5197,3991,145,850,177
36061015601,5170,3017,232,806,716
36061015602,2193,476,419,334,912
36061015700,10447,8185,214,1060,795
36061015801,4877,3785,34,418,375
36061015802,4284,2470,375,630,721
36061016001,3127,2503,4,163,369
36061016002,3522,1886,50,468,994
36061016100,6544,5154,211,369,661
36061016200,9066,851,2894,1304,3185
36061016400,8042,843,1964,981,4053
36061016500,7431,6051,152,484,573
36061016600,5752,1006,626,772,3160
36061016900,7984,6580,101,491,742
36061017000,8968,784,1064,2140,4837
36061017100,9517,7785,168,256,961
36061017200,5110,629,1726,233,2312
36061017300,8867,6253,299,923,902
36061017401,4967,813,1497,277,2224
36061017402,2759,590,831,366,752
36061017500,10628,7246,507,509,2042
36061017700,10581,6214,579,317,2997
36061018000,7048,877,1907,279,3915
36061018100,9064,5563,846,302,1185
36061018400,7846,794,3217,510,3222
36061018600,6074,381,3464,82,2021
36061018700,9874,6268,635,974,1863
36061019200,4247,301,1810,42,1956
36061019300,10614,3339,2109,1518,3452
36061019400,6475,422,1452,276,4302
36061019500,7766,4175,787,994,1468
36061019600,3910,384,1258,125,2033
36061019702,3074,952,1084,232,506
36061019900,8876,5666,711,1385,856
36061020500,5633,3502,466,837,699
36061020600,3749,888,2053,64,605
36061020701,2870,1295,174,757,428
36061020800,5714,1176,3482,123,669
36061021100,10519,3417,1844,1627,2946
36061021303,6553,1152,2644,362,2121
36061021500,4136,369,2702,96,895
36061021600,9341,1815,4858,405,1685
36061021800,5980,1576,2652,525,1107
36061022000,6550,1923,2601,375,1463
36061022102,2670,698,1171,160,442
36061022200,3645,1092,1676,185,337
36061022301,7779,1637,1099,363,4567
36061022400,7671,696,4546,95,2104
36061022500,11105,1461,2162,287,6790
36061022600,5386,1010,2299,209,1623
36061022800,6185,827,4211,139,743
36061023100,6900,1191,2414,138,2788
36061023400,5005,862,2846,70,1004
36061023502,1716,172,1006,56,463
36061024100,8424,1439,1797,226,4814
36061024200,5513,237,2516,112,2648
36061024301,5083,715,1190,165,2772
36061024700,6632,1171,1020,178,4180
36061024900,1006,180,149,39,591
36061025100,2724,266,255,144,2005
36061025500,5809,1464,200,1036,2918
36061026500,8907,2733,511,246,5299
36061026700,2119,1132,30,112,839
36061026900,9464,541,288,200,8302
36061027100,9126,2502,576,235,5767
36061028100,3361,2159,123,248,488
36061029100,12476,614,526,523,10662
36061029300,10138,648,157,96,9204
36061029500,8064,2461,309,303,4455
36061030900,11753,568,1971,135,8663
36005000100,6661,1066,3157,177,2166
36005000200,4453,93,934,160,3180
36005001600,6038,243,2063,57,3364
36005002002,4274,0,780,0,3494
36005002300,4465,8,1215,0,3200
36005002500,5662,370,1134,0,4072
36005002701,2938,10,773,0,2155
36005002702,4413,45,1493,0,2838
36005003800,1313,0,344,31,938
36005003900,6710,222,865,11,5612
36005004001,1574,58,222,408,778
36005004100,5798,37,1688,0,4055
36005004200,7803,62,2145,15,5581
36005004400,4551,166,1376,164,2702
36005004600,1826,33,624,0,1152
36005004800,4464,27,750,157,3441
36005005001,4304,25,1289,92,2868
36005005002,6393,44,1528,0,4757
36005005400,5638,30,1128,117,4016
36005006400,4061,178,1328,54,2263
36005006500,5681,522,1776,125,3230
36005006800,2765,0,511,383,1662
36005007000,4235,306,1171,467,1833
36005007200,6430,349,819,2465,2555
36005007400,3078,54,997,0,1963
36005007600,5293,131,1162,700,3157
36005007800,6301,230,2091,493,3017
36005007900,7157,27,1695,0,5392
36005008300,6121,153,1241,0,4726
36005008400,3290,150,1062,167,1864
36005008500,5706,52,1262,116,4086
36005008600,4134,150,1576,0,2308
36005008700,6328,120,1092,39,5049
36005009200,6122,290,653,1285,3592
36005009600,2762,249,449,504,1398
36005011701,1608,5,419,0,1149
36005011800,6041,3474,184,86,2221
36005011900,6193,201,1742,0,4108
36005012101,3267,40,1020,12,2131
36005012102,1463,4,348,0,1092
36005012500,4014,54,912,0,2990
36005012901,4961,112,1521,6,3322
36005013000,1297,391,52,15,839
36005013100,5252,249,1568,0,3420
36005013200,7288,1744,1279,435,3743
36005013300,6236,49,1538,234,4192
36005013500,3492,34,1734,25,1699
36005013800,3077,1295,96,338,1296
36005014400,5781,110,1105,76,4011
36005014900,4708,131,1542,0,2810
36005015100,5311,13,2966,0,2271
36005015200,2565,931,141,51,1298
36005015300,4226,5,1832,90,2286
36005015800,1423,570,73,100,680
36005016000,3891,2206,62,252,1365
36005016200,1712,705,86,146,743
36005016400,1074,532,66,147,329
36005017500,6768,179,3117,0,3319
36005017701,4554,81,1788,8,2677
36005017702,5412,118,2526,49,2432
36005017901,4751,38,1036,59,3615
36005017902,4138,37,1170,13,2918
36005018101,3502,24,851,1,2390
36005018102,5695,100,2001,88,3343
36005018302,3546,9,1483,16,2038
36005018400,4057,1792,75,356,1834
36005018900,8311,618,2903,46,4443
36005019700,7479,118,1011,466,5830
36005019900,7899,145,2967,0,4593
36005020200,2372,81,365,443,1461
36005020400,3431,250,132,355,2454
36005020601,2425,101,290,859,998
36005020900,4997,99,1727,26,3056
36005021002,8192,62,3400,1036,3464
36005021100,6036,48,1612,42,4183
36005021301,1397,23,398,0,959
36005021302,5865,2,2283,20,3423
36005021501,4445,156,931,7,3337
36005021502,6772,17,1491,0,5129
36005021700,5220,147,2122,153,2518
36005021800,6154,223,869,205,4607
36005021900,963,17,131,25,790
36005022101,4030,26,547,175,2971
36005022102,5995,136,541,22,5239
36005022300,5553,104,732,10,4545
36005022403,3061,459,399,29,2061
36005022404,4736,521,999,320,2650
36005022500,8818,564,1267,47,6908
36005022701,4831,72,1764,99,2755
36005022702,1451,0,343,5,1035
36005022703,1991,115,408,31,1422
36005022800,6207,1053,1180,648,3019
36005022901,5530,105,2125,62,2897
36005022902,3710,60,710,39,2837
36005023100,1696,70,804,0,821
36005023200,2517,828,123,239,1189
36005023301,4177,9,1191,42,2844
36005023302,3982,24,706,21,3031
36005023600,1602,225,225,145,987
36005023704,3821,39,570,0,3071
36005023900,8489,32,1686,121,6306
36005024100,6921,354,1981,137,4268
36005024300,5575,88,1236,100,4028
36005024400,2512,789,37,155,1416
36005024501,4475,116,871,0,3444
36005024502,3848,82,834,0,2932
36005024600,2065,744,130,332,765
36005024800,3370,1566,234,202,1316
36005025000,2601,1110,2,282,1175
36005025100,6462,210,988,819,4245
36005025200,2561,938,163,314,1084
36005025300,6313,20,481,117,5397
36005025400,2183,1163,26,119,823
36005025500,7728,228,626,1,6748
36005026100,2114,150,906,95,916
36005026300,7124,246,816,10,5935
36005026400,6643,1464,587,460,3987
36005026500,7505,30,570,459,6215
36005026601,3305,755,71,101,2327
36005026602,5033,2038,499,160,2336
36005026701,3639,77,784,385,2368
36005026702,8183,286,532,0,7353
36005027300,7798,588,1497,100,5531
36005027700,4338,393,437,81,3343
36005027900,8486,901,1137,504,5562
36005028100,3757,1090,865,131,1584
36005028600,960,394,64,225,277
36005028700,3565,729,113,134,2429
36005028800,3144,1918,213,449,564
36005028900,4530,863,366,147,3083
36005029500,4484,1722,512,461,1484
36005029600,1947,570,223,188,938
36005030000,6612,1978,529,859,3185
36005030100,1578,898,176,35,379
36005030201,3912,106,2456,0,1258
36005030701,5718,3446,576,212,1203
36005030900,4480,3203,308,111,710
36005031000,4507,1607,650,923,1299
36005031200,1874,458,330,243,757
36005031400,2272,557,303,165,1237
36005031600,1965,671,163,244,602
36005031800,2149,681,612,237,605
36005031900,211,104,45,3,57
36005032300,4789,2837,394,347,991
36005032400,3326,212,690,545,1743
36005032600,3643,1333,389,592,1246
36005032800,4140,535,794,493,2203
36005033000,5575,1597,1441,80,2016
36005033201,5334,998,434,111,3739
36005033202,3775,329,777,288,2280
36005033601,4925,229,2151,172,2340
36005033602,1356,65,516,0,775
36005033801,2256,99,691,15,1091
36005033802,1713,119,614,110,849
36005034000,5775,314,2358,315,2644
36005034200,1665,168,1031,60,376
36005034300,1899,638,307,37,819
36005034400,2165,87,1166,73,800
36005034800,6196,174,2739,319,2928
36005035600,2206,30,1728,8,366
36005035900,2445,49,497,40,1807
36005036000,3337,247,2076,87,908
36005036300,7220,309,1386,9,5402
36005036400,2641,6,2402,0,192
36005036501,4234,21,2307,0,1811
36005036800,2365,19,1768,0,348
36005036901,2151,22,524,0,1599
36005036902,2212,53,854,0,1305
36005037000,2479,38,1631,212,433
36005037100,4176,108,1030,0,2997
36005037200,2142,34,822,81,1039
36005037300,6697,28,2557,0,4111
36005037400,3968,55,1520,53,2266
36005037504,3641,94,878,0,2461
36005037900,6137,50,3222,89,2730
36005038000,5035,158,2869,40,1810
36005038100,7707,69,1534,31,5639
36005038200,3001,37,2098,55,778
36005038301,5384,81,1138,116,4020
36005038303,3775,17,1686,0,1982
36005038600,9240,56,6559,11,2137
36005038700,3582,327,723,91,2374
36005038800,2881,98,2135,0,584
36005039000,3108,77,2120,18,472
36005039100,7082,638,1111,154,5078
36005039200,1717,21,1201,17,452
36005039400,5254,77,2837,0,2326
36005039600,4522,143,2894,9,1361
36005039800,4209,12,3105,0,977
36005040302,5331,93,303,124,4811
36005040303,4216,58,525,73,3258
36005040304,3641,21,227,245,3110
36005040400,3264,4,2926,0,312
36005040501,3959,35,224,128,3540
36005040502,7399,49,1706,274,5370
36005040600,3997,91,2887,28,725
36005040701,3136,100,281,84,2671
36005040702,7137,215,886,673,5232
36005040800,4994,315,2057,38,2167
36005040900,3272,833,1952,79,349
36005041500,6089,589,591,353,4538
36005041900,6229,708,638,1195,3032
36005042000,4512,99,2139,205,1962
36005042100,5845,662,569,579,3979
36005042200,2873,119,2051,35,492
36005042300,4395,428,719,351,2820
36005042400,2512,67,1623,67,694
36005042800,2099,45,1441,0,179
36005042902,4165,163,1327,88,2571
36005043000,3565,48,2201,244,471
36005043101,5844,240,1064,914,3532
36005043400,3880,16,2289,32,1152
36005043600,2214,124,1287,139,518
36005044200,4122,8,3167,0,839
36005044400,4725,105,3191,199,882
36005044800,2231,33,1965,0,87
36005044901,1995,1434,96,30,405
36005044902,2160,1475,101,61,464
36005045102,2159,1522,82,56,435
36005045600,3637,380,2058,0,1153
36005045800,5381,20,2018,0,3259
36005046000,3108,127,1758,24,1184
36005046203,7733,740,4246,30,2595
36005046204,6891,198,3873,243,2325
36005046206,4084,315,2467,81,783
36005046207,6351,197,3608,267,2038
36005046208,5879,132,3540,8,1913
36005046209,5039,0,2766,4,2214
36005048401,4213,116,3440,0,488
36005051601,4417,3033,31,87,1187
36081000200,2666,232,187,790,1424
36081000400,4692,144,279,739,3294
36081000600,4379,474,196,398,3237
36081000702,3660,2352,216,468,431
36081000800,3312,300,400,638,1948
36081001000,4845,322,166,956,3323
36081001200,3816,656,47,777,2084
36081001400,4166,704,254,918,2230
36081001600,2478,276,108,481,1436
36081002200,2587,387,30,424,1629
36081002400,2437,333,95,371,1444
36081002600,2149,467,101,354,938
36081002800,3442,512,145,740,1939
36081003000,1702,348,53,187,1080
36081003100,1189,414,25,267,396
36081003200,1690,268,63,510,745
36081003302,1009,147,26,400,415
36081003400,2563,235,45,626,1629
36081003800,2763,347,247,633,1428
36081004001,2231,510,106,334,1181
36081004002,1839,67,148,532,651
36081004200,4187,271,287,2092,1404
36081004300,2069,71,793,219,904
36081004500,3145,2120,66,347,476
36081004700,3932,934,883,531,1357
36081005100,2294,579,86,958,522
36081005200,2811,265,36,1382,973
36081005300,5590,2780,93,1250,1199
36081005500,1215,337,8,322,469
36081005700,4461,1683,131,871,1653
36081006300,5715,2919,106,1487,920
36081006501,3242,1788,49,368,980
36081006502,3923,2223,150,339,1110
36081006900,3912,2135,61,600,997
36081007100,3114,1590,122,383,711
36081007300,3862,2221,62,601,646
36081007500,4369,2105,112,928,853
36081007700,2012,759,15,486,686
36081007900,2649,1024,44,797,627
36081008100,1087,430,37,238,344
36081008300,2211,681,69,281,1013
36081008500,1141,259,24,257,591
36081009400,3195,179,442,1226,843
36081009500,2126,1478,15,335,272
36081009600,3470,142,216,974,620
36081009700,3997,2692,17,516,587
36081009800,2759,41,419,1199,399
36081010000,4247,468,274,1296,1403
36081010100,2463,1699,126,151,322
36081010200,2836,142,336,1440,454
36081010300,4397,2692,191,402,905
36081010400,3450,284,656,942,638
36081010500,5073,2204,266,828,1585
36081010800,3377,93,193,1946,438
36081011000,3163,127,312,753,1252
36081011100,3108,1732,26,119,913
36081011200,2635,478,54,999,776
36081011300,4558,2712,187,385,1088
36081011400,1636,444,23,321,716
36081011500,2498,1842,0,192,296
36081011600,2123,332,13,883,836
36081011700,3850,2539,0,338,911
36081011800,2650,82,135,1192,943
36081011900,1516,839,0,67,515
36081012000,2308,178,206,947,577
36081012100,2041,1453,55,158,359
36081012200,3520,527,215,1193,1125
36081012400,3381,236,929,700,1162
36081012601,2970,146,122,556,1672
36081012602,2781,198,28,931,1317
36081012800,2281,722,45,390,972
36081013200,2031,808,104,378,542
36081013400,5536,1902,722,1064,1545
36081013500,1172,994,6,46,126
36081013800,3819,1431,293,917,930
36081014000,3809,2230,38,741,612
36081014201,4535,239,446,2110,1554
36081014202,2644,199,218,608,1221
36081014300,3876,1981,72,405,1372
36081014400,1810,166,172,717,436
36081014500,2585,1644,49,41,585
36081014700,2863,1784,156,340,462
36081014800,1654,21,212,812,412
36081014900,2152,1273,0,295,553
36081015000,2435,46,440,989,464
36081015100,2832,1704,86,227,709
36081015200,2851,38,378,810,630
36081015300,1884,1068,40,445,264
36081015400,1961,103,348,699,247
36081015600,3037,70,692,1263,361
36081015700,1313,440,62,256,514
36081015801,3673,25,643,1699,347
36081015802,5126,107,762,1174,1070
36081016100,2589,974,56,437,990
36081016300,3675,605,684,330,2043
36081016400,3954,39,470,1164,860
36081016800,3598,41,760,1037,989
36081016900,5893,2780,54,1299,1453
36081017000,2674,18,949,979,255
36081017200,2129,26,828,708,273
36081017400,2483,30,920,746,425
36081017600,2255,113,994,521,394
36081017800,2291,33,722,745,396
36081017901,1122,249,24,337,439
36081018000,1205,43,670,41,132
36081018101,4024,1362,30,933,1581
36081018102,3389,1479,35,1012,719
36081018200,2695,44,1676,223,323
36081018300,5673,2505,21,1667,1165
36081018401,2158,0,1442,33,293
36081018402,2628,58,1678,239,407
36081018501,3429,1453,25,795,1006
36081018502,3152,1488,81,621,843
36081018600,2024,20,1149,152,311
36081018700,2928,899,74,807,1127
36081018800,1363,23,912,40,321
36081018900,3401,754,211,1689,626
36081019000,2706,65,1736,139,323
36081019200,2225,44,1336,363,250
36081019400,3185,34,1285,601,568
36081019600,3374,9,2002,261,344
36081019800,2989,27,1612,722,450
36081019901,539,82,222,39,196
36081020200,1776,4,904,326,216
36081020400,2191,50,680,491,817
36081020500,1300,155,15,160,970
36081020600,1729,50,301,272,895
36081020800,3272,752,661,228,936
36081021200,2977,148,199,282,1984
36081021400,6025,595,1387,1796,1318
36081021601,2838,1375,291,665,398
36081021602,1784,306,1,214,1196
36081022001,6630,1952,1116,941,2208
36081022002,7406,2559,1310,1435,1951
36081023000,1993,486,114,820,533
36081023200,5923,1161,965,1965,1336
36081023501,4382,297,29,1825,2070
36081023502,2885,446,24,411,1845
36081023600,3377,445,209,1272,1434
36081023800,5278,84,487,1942,2284
36081024000,7150,274,1172,1612,3717
36081025100,6080,1814,73,1392,2769
36081025301,4385,1488,68,1076,1650
36081025302,3417,776,8,929,1547
36081025401,4807,3,2520,1627,202
36081025402,6595,305,2906,835,1270
36081025500,1612,374,0,897,327
36081025700,1660,226,27,673,628
36081025800,2212,14,1589,236,61
36081025900,3542,802,0,1375,1335
36081026000,2984,35,1870,614,300
36081026200,1505,8,927,221,261
36081026400,2695,20,1592,366,523
36081026600,1817,37,1259,147,281
36081026700,5488,222,69,2757,2357
36081026901,5089,221,0,1473,3345
36081026902,3868,302,45,2087,1382
36081027000,2232,321,1319,110,335
36081027101,5389,132,21,3198,1898
36081027102,3425,305,81,246,2793
36081027200,2210,0,1192,294,659
36081027301,3158,0,0,481,2677
36081027302,4607,175,787,567,3078
36081027400,1934,0,1283,225,426
36081027500,6759,497,313,1137,4693
36081027600,1593,59,947,74,359
36081027701,3704,100,28,755,2707
36081027702,4132,329,146,1367,2212
36081027800,2539,15,2005,6,487
36081027900,7403,831,134,511,5583
36081028000,1460,30,861,108,262
36081028100,6085,1741,28,805,3250
36081028200,2116,29,1729,50,69
36081028300,7721,1806,147,708,4385
36081028400,4333,22,3817,77,168
36081028500,5036,1938,93,722,2111
36081028700,7003,2002,72,2067,2533
36081028801,2830,42,2112,259,119
36081028802,2195,37,1289,418,387
36081028900,5631,2318,54,1669,1384
36081029500,3962,1297,43,1095,1185
36081030903,5083,485,178,2093,2185
36081032700,3449,275,29,838,2261
36081032800,2888,10,2488,134,208
36081033000,7612,51,6619,159,564
36081033401,4065,57,3195,128,642
36081033403,4630,19,4447,0,143
36081033404,5527,69,5290,0,0
36081033405,2675,114,1916,135,327
36081033700,2359,255,0,665,1426
36081033900,2773,787,43,616,1237
36081035100,3653,364,287,641,2346
36081035200,2949,15,2352,71,81
36081035300,2224,126,173,154,1603
36081035800,4887,53,4360,40,254
36081036100,2141,43,499,431,1151
36081036300,2003,56,420,190,1277
36081036500,2697,43,291,282,2045
36081036600,2878,2,2352,94,381
36081036700,2157,93,885,78,1038
36081036800,2692,17,2302,0,204
36081037300,2293,91,162,349,1604
36081037501,1600,32,0,210,1358
36081037502,2710,70,458,121,2061
36081037600,6794,44,5974,117,251
36081037700,4141,32,322,165,3620
36081037900,7012,67,174,243,6507
36081038400,2490,7,2397,0,74
36081039400,3180,9,2516,68,300
36081039800,1792,20,1609,57,106
36081039901,2560,28,0,235,2250
36081039902,1700,196,246,164,1077
36081040000,1704,9,1463,0,138
36081040101,3159,22,36,500,2601
36081040102,5172,37,77,857,4201
36081040200,1706,19,1278,80,86
36081040301,3141,26,0,626,2489
36081040302,4401,45,0,510,3846
36081040400,4343,114,3245,382,471
36081040501,1070,0,0,43,1027
36081040502,2301,78,24,296,1894
36081040701,3881,25,0,244,3575
36081040702,4793,26,174,455,4107
36081040901,2179,9,0,290,1880
36081040902,3640,0,76,0,3523
36081041100,4376,29,0,536,3786
36081041300,5070,76,34,670,4290
36081041400,4882,146,3745,413,272
36081041500,4787,283,23,373,4108
36081042700,4859,180,209,328,4142
36081043701,3229,429,203,166,2275
36081043702,8641,1110,213,1398,5904
36081043900,3377,147,96,264,2870
36081044000,4503,81,2502,639,1034
36081044301,3658,114,236,465,2789
36081044302,4272,149,320,1652,1938
36081044400,4405,76,820,1705,1183
36081044601,3835,23,1270,1059,1195
36081044602,5466,272,972,2690,1365
36081044800,2976,252,177,1460,725
36081045000,2272,375,230,1441,80
36081045600,1369,65,5,929,183
36081045700,3849,423,13,2180,1183
36081045900,4357,89,2,2060,2132
36081046000,6043,116,722,2320,2193
36081046100,2429,60,7,902,1331
36081046400,2142,432,454,536,596
36081046500,4618,31,11,699,3835
36081046700,6202,286,31,1011,4787
36081046800,3801,55,715,2242,286
36081046901,4961,141,169,2105,1977
36081046902,4194,53,10,1175,2742
36081047000,3637,45,112,1776,1113
36081047200,3945,1135,1043,1203,341
36081047300,4383,400,37,3067,856
36081047801,3794,1145,660,1009,868
36081047802,1186,0,588,305,76
36081048000,2512,72,202,1237,467
36081048100,7140,272,110,3852,2734
36081048200,1414,127,501,342,133
36081048400,4806,88,1189,1781,1065
36081049201,3325,271,1966,196,677
36081049202,2532,59,587,692,699
36081049301,2467,843,0,805,742
36081049302,2992,981,41,857,1036
36081049500,1713,881,139,132,542
36081049600,3451,147,1138,909,916
36081049700,2883,1176,5,862,738
36081050000,4850,142,3087,741,707
36081050201,1645,0,1129,117,235
36081050202,1301,22,807,245,64
36081050400,1775,59,1406,68,61
36081050500,1895,815,72,736,237
36081050600,1538,0,1141,179,127
36081050800,2032,37,1853,85,57
36081051000,1945,38,1613,202,71
36081051200,2724,26,1833,230,391
36081051300,2843,1301,14,507,875
36081051600,2186,90,1639,0,369
36081051700,1816,1256,0,128,432
36081051800,2602,5,2353,6,101
36081052000,1457,34,1193,0,71
36081052100,2059,1280,26,193,537
36081052200,1965,0,1575,169,61
36081052400,2309,0,1907,82,240
36081052600,2393,144,1677,55,326
36081052800,1543,0,1264,21,55
36081053000,2662,47,2470,0,79
36081053100,3638,1948,0,304,1173
36081053200,2245,5,1669,2,356
36081053401,2048,15,1682,0,343
36081053601,2073,84,1331,131,519
36081053800,1656,5,1304,121,115
36081053901,4427,1265,111,815,1993
36081053902,170,170,0,0,0
36081054000,4214,22,2256,350,1002
36081054200,5999,131,1498,1312,1508
36081054500,4061,1262,29,212,2463
36081054700,5163,971,133,804,3219
36081054800,2635,30,549,1410,308
36081054900,6139,1195,104,795,4004
36081055100,4466,1683,305,416,1904
36081055200,3016,175,439,1023,935
36081055300,3114,387,84,508,2038
36081055400,2786,353,185,1453,628
36081055500,2430,413,117,120,1683
36081055600,2580,113,218,861,1048
36081055700,4289,1582,171,196,2318
36081055800,1999,132,195,537,744
36081055900,1149,301,24,70,740
36081056200,1573,312,196,675,326
36081056500,1739,293,59,49,1270
36081056600,1454,106,433,399,190
36081056700,5430,1585,70,61,3714
36081057700,3641,1764,7,28,1824
36081057900,1591,903,0,32,620
36081058200,5440,119,4132,248,430
36081058500,4737,2647,126,349,1520
36081058700,3532,2582,72,116,724
36081058900,5053,2514,68,208,2263
36081059000,1401,217,885,27,144
36081059100,5735,2339,85,232,2756
36081059300,4274,2660,35,198,1350
36081059400,1871,32,1715,0,74
36081059501,1929,1432,0,343,154
36081059600,1531,33,1342,2,133
36081059800,1882,37,1723,0,79
36081059900,1231,697,9,102,389
36081060000,1118,4,949,0,46
36081060600,1222,9,1132,0,32
36081060800,1536,67,1434,0,17
36081061000,1528,28,1434,0,23
36081061200,2204,8,2045,35,17
36081061400,1493,36,1307,9,92
36081061601,2735,45,2441,0,235
36081061602,1111,40,859,35,94
36081061800,1886,46,1459,66,270
36081061900,3657,2977,0,181,462
36081062300,2210,1518,133,0,544
36081062500,2388,1519,26,30,796
36081062600,3106,17,2474,99,395
36081062700,2861,1374,2,118,1333
36081062900,3494,1679,42,542,1222
36081063200,2596,27,2404,0,47
36081063301,1562,984,0,44,534
36081064101,2537,1531,5,357,543
36081064500,2001,863,36,405,597
36081064600,3528,26,3232,28,119
36081065000,2915,46,2757,0,32
36081065401,3867,85,2773,99,634
36081065600,4754,413,3417,84,727
36081065702,1376,874,0,28,403
36081065703,3057,2094,20,105,238
36081066000,3365,159,2524,71,465
36081066301,2940,2108,0,600,151
36081066402,2593,32,2413,1,98
36081066403,5963,375,5060,30,275
36081066701,2894,1567,0,361,966
36081067100,2684,1792,0,570,301
36081067700,1934,1679,0,121,118
36081067900,4812,1667,31,680,2434
36081068200,1141,0,999,22,111
36081068300,4332,353,326,2048,1508
36081069300,3119,1011,96,907,989
36081069500,2381,788,95,1135,311
36081069701,4299,1256,215,1493,1154
36081069702,4351,1977,17,1847,476
36081070300,2045,644,34,662,553
36081070700,2755,1382,6,914,377
36081070900,3161,1379,63,1008,327
36081071303,5854,3209,87,1156,1064
36081071304,6275,3548,22,1651,529
36081071305,5108,2466,159,1592,843
36081071701,5438,3063,248,1452,544
36081071900,2911,1225,114,850,445
36081072100,4781,2119,38,1565,816
36081072300,2189,1059,140,786,167
36081072900,1471,671,1,595,178
36081073700,2233,1231,20,623,230
36081073900,5597,2544,237,1571,542
36081074100,3131,1647,155,749,523
36081074300,4423,2328,103,1298,523
36081074500,3814,1942,280,693,541
36081074700,3540,1027,110,1344,945
36081075701,4877,2004,211,1850,578
36081075702,5866,3031,142,1824,712
36081077902,5062,4035,68,706,56
36081077903,3418,1500,42,1025,736
36081077904,6281,3783,147,1150,947
36081077905,2851,833,618,887,484
36081077906,3655,1889,225,1229,312
36081077907,3521,1881,296,151,1105
36081077908,3267,503,998,659,908
36081078800,2082,36,1298,45,175
36081079000,2745,35,1586,127,373
36081079200,2675,6,1421,429,315
36081079701,6505,492,142,5354,324
36081079702,4026,115,33,3417,431
36081079900,3401,248,0,2220,688
36081080301,3441,251,11,2359,820
36081080302,3567,652,1,2574,340
36081081400,4971,0,1884,1516,1311
36081081800,4239,91,1521,1285,1042
36081083700,5531,783,4,3949,713
36081083800,5904,424,817,2106,1373
36081084000,7216,646,1024,2869,1715
36081084500,4984,279,474,2874,1222
36081084601,3081,470,156,1205,921
36081084602,1201,91,281,310,453
36081084901,2400,91,112,2032,56
36081084902,4086,86,120,3446,434
36081085700,5033,342,131,3705,713
36081085900,5465,639,8,4415,286
36081086100,2282,107,56,1750,355
36081086400,2827,432,189,723,1292
36081086500,4333,739,155,2827,378
36081086900,1693,77,0,1462,135
36081087100,3589,83,446,2362,622
36081088902,5580,936,249,3091,1179
36081088903,5266,427,45,3666,1046
36081091603,3782,3505,9,20,208
36081092200,2273,2072,0,5,164
36081092500,3611,641,8,1171,1777
36081092800,3925,3723,0,117,85
36081092900,7750,1950,96,1829,3780
36081093401,4094,3156,39,85,788
36081093402,4378,3396,210,116,523
36081093800,5289,3565,421,179,1042
36081094203,6701,3539,683,54,2138
36081094500,4081,1869,2,1094,1071
36081094700,2324,568,1,531,1224
36081097204,4094,431,2257,203,1122
36081097205,3645,179,1622,526,1318
36081097206,2923,89,1506,0,1036
36081099703,3990,1935,68,1346,459
36081099704,7453,4751,121,1678,812
36081099705,2698,1197,8,889,485
36081099801,9308,308,5276,280,2718
36081099802,6489,1195,3636,218,1210
36081100801,3042,957,1414,220,294
36081100803,4081,538,1915,93,1383
36081100804,4952,1588,3027,263,74
36081101002,5393,3408,628,882,461
36081101003,4279,1468,1076,24,1678
36081101004,7499,2971,2708,406,1189
36081103201,7226,472,3254,336,3005
36081103202,8397,4096,1472,53,2420
36081103300,4784,2082,31,2104,457
36081103900,7132,3377,0,2478,1213
36081104700,7009,1926,2,4188,893
36081105900,3948,2262,0,1496,108
36081108500,2584,1398,52,720,395
36081109300,3123,1463,21,1246,316
36081109700,1726,866,8,572,226
36081109900,3471,1909,4,1071,419
36081113300,1416,603,0,532,281
36081113900,3997,1292,16,1805,632
36081114100,2491,1292,0,842,331
36081114700,1910,895,0,743,216
36081115100,839,434,0,273,97
36081115500,2384,652,76,976,453
36081115700,3221,671,67,1822,597
36081115900,4209,520,14,3002,418
36081116100,3867,278,161,2905,467
36081116301,4771,527,190,3296,758
36081117100,2510,438,50,1436,584
36081117500,4541,1127,73,2560,701
36081118100,1734,580,26,700,388
36081118500,1930,203,5,783,927
36081118700,2497,307,22,1490,565
36081118900,1857,298,0,1365,165
36081119100,2944,428,0,2099,417
36081119300,2058,446,18,1153,162
36081119500,1559,386,2,482,516
36081119900,1618,389,4,1181,24
36081120100,1416,219,36,978,167
36081120300,1684,233,25,1323,90
36081120500,2748,141,36,2440,126
36081120701,3191,775,17,1947,407
36081121500,4804,740,243,2710,887
36081122300,3152,996,56,1693,328
36081122703,7738,1808,1093,752,3881
36081122704,4590,1521,443,947,1496
36081124100,3978,983,367,1922,485
36081124700,3668,1667,20,1874,107
36081126500,1843,471,48,909,344
36081129102,4083,2418,103,926,329
36081129104,4384,1742,66,1517,966
36081130100,4075,715,1103,1206,843
36081133900,1310,671,3,584,51
36081134100,3508,1020,85,1998,330
36081134701,5313,772,722,2467,1114
36081134702,4726,1024,595,2643,284
36081136700,6585,1408,412,3614,1039
36081137700,7882,2237,145,3663,1510
36081138501,4515,1157,0,2750,467
36081140300,2729,895,12,1656,153
36081140901,1261,213,38,550,413
36081140902,2647,583,4,1730,300
36081141700,5017,1182,91,3016,662
36081142900,4086,1327,0,2081,610
36081144100,3172,967,13,1688,467
36081144700,3436,303,757,1810,518
36081145101,1037,545,0,469,23
36081145102,2748,573,89,1512,500
36081145900,2854,913,8,1100,687
36081146300,2951,1143,133,1055,482
36081146700,2828,1487,80,948,261
36081147100,3322,2029,56,1136,88
36081147900,4649,2002,54,1480,845
36081150701,3295,1515,2,1107,563
36081150702,3184,1676,48,1092,368
36081152902,6168,2398,31,3183,411
36081155101,2075,1998,0,72,5
36081155103,4986,2318,708,1251,450
36081155104,3867,1103,271,1811,602
36081157902,4218,883,70,2657,166
36005036100,5756,8,1803,2,3812
36005012701,2207,13,409,7,1735
36005015900,2164,3,168,50,1943
36005020502,2515,29,637,22,1820
36005039902,5570,37,592,82,4691
36005000400,6000,372,1088,94,4386
36081093900,6245,1919,232,1800,2230
36005042600,7223,94,5123,312,1642
36061003800,8137,4921,944,1349,803
36061005700,3016,2436,62,318,56
36061001001,1615,1035,18,197,259
36061002901,1453,481,429,36,481
36061002700,1253,248,1,942,18
36061002902,4197,486,42,3472,38
36061001502,8133,5326,123,1499,597
36061004800,6541,4578,199,1169,471
36061004400,16629,11687,732,2278,1217
36061006400,7415,5451,435,702,548
36061022900,9265,1385,2059,112,5567
36061017800,4087,935,978,303,1802
36081008700,3144,502,1091,118,1328
36081094201,3343,931,955,54,1264
36081094202,6057,1187,2203,109,2101
36081111300,2636,1248,4,972,383
36081148300,2960,1713,8,1089,101
36081080900,7434,3367,323,2542,866
36081122702,6454,1547,1473,1171,2076
36081125700,3418,299,507,1423,865
36081126700,4821,1896,515,981,1153
36081139900,1662,392,3,1004,263
36081143500,2553,585,5,1645,70
36081157901,5825,1040,89,3521,780
36081157903,4378,1033,82,2850,277
36081042400,2491,32,2125,0,49
36081043400,1852,109,1499,0,198
36081042600,458,179,177,30,72
36081043200,1339,0,1062,29,18
36081045200,1178,147,102,610,269
36081045400,5252,232,551,3375,514
36081005900,3956,2426,75,585,661
36081006100,5474,3273,114,724,1028
36081058100,3264,1068,106,29,1929
36081058300,3718,1894,66,326,1169
36061023501,7298,1302,2337,547,2806
36081047900,5829,198,171,4167,1186
36081062000,1607,12,1366,0,159
36081063000,1629,31,1491,25,82
36005019300,7126,25,2113,57,4752
36061021900,6422,361,2153,207,3688
36061022302,3093,304,563,385,1686
36081133300,4115,1984,113,1818,130
36061011600,3782,2418,76,818,423
36061012400,10249,7370,79,1828,622
36005021200,5157,50,1807,1445,1717
36005022200,3169,89,238,1148,1493
36061027900,11410,2216,207,194,8620
36061028300,8463,1556,165,331,6313
36061028500,8799,652,310,12,7491
36061014401,4644,3734,0,530,286
36061000800,9189,963,19,7632,366
36061001600,8133,1757,122,6047,60
36081037100,1289,55,362,178,683
36005008900,3197,4,363,0,2707
36061028700,4580,1164,186,98,2985
36061001200,4372,2294,84,669,1227
36081112300,2226,735,205,594,606
36081112900,2327,895,23,815,569
36005042901,3257,237,173,792,1975
36005043102,5008,628,1097,36,3242
36081026300,5360,887,27,3018,1330
36081013600,2044,1098,122,261,511
36081005400,6433,1197,560,1676,2121
36081008600,2830,759,18,598,1201
36081066401,2029,386,806,833,4
36081066900,1625,1257,0,110,245
36081030600,4918,157,3906,102,592
36081048500,4255,232,42,3062,878
36081012500,1557,760,100,308,323
36005038900,5333,1063,444,234,3569
36005029301,1794,1212,124,79,272
36005029302,6043,3440,551,231,1440
36081013000,1861,847,194,189,566
36081073100,1658,1129,0,320,104
36081074900,1412,894,0,438,45
36005042500,6614,1290,548,770,3937
36081026502,1220,52,0,565,543
36081026501,2936,685,17,1744,464
36081048301,2105,259,9,1318,519
36005002800,5372,56,3342,0,1954
36005005200,1833,0,602,0,1231
36081066100,1689,1501,0,60,122
36081065900,2066,1540,0,264,182
36081066501,4333,3061,50,47,1016
36005020000,5147,170,501,1192,3054
36005025600,1464,389,152,89,819
36081102900,3931,2430,50,571,615
36081097300,2347,1700,0,126,489
36081098100,2273,1582,0,429,262
36081060100,2512,1441,18,70,944
36081063302,1857,888,0,13,937
36081063500,2617,1316,11,63,1202
36081062100,2938,1341,17,151,1364
36081063700,3672,2459,0,344,707
36081077500,2201,1423,13,317,373
36005039700,3689,2138,207,227,884
36005039300,8690,329,3255,35,4852
36005029700,4122,2851,316,149,712
36081063900,3195,1391,120,213,1413
36081046300,3791,55,19,1370,2116
36081047100,4486,65,13,3282,1126
36005035000,2207,177,1470,69,440
36005035800,8758,300,6358,46,1714
36005024000,4618,854,1012,8,2525
36081077300,2136,1280,80,278,394
36081024900,4804,758,47,2285,1686
36081026100,7642,566,29,3349,3573
36061021000,7179,209,4924,411,1463
36061021200,4219,496,2880,133,515
36005027600,52,15,31,0,6
36061015502,5095,3684,120,1024,162
36081012301,2960,2056,111,148,526
36005037800,3147,38,1377,0,1732
36081085300,5742,172,108,4735,659
36005026900,4072,47,501,27,3472
36081161700,5155,1719,769,1150,1225
36081035700,4037,369,1274,672,1642
36005009301,4928,138,1232,0,3558
36005023501,3325,27,151,3,3128
36005023502,4628,12,1086,0,3482
36081099701,2880,1859,4,748,204
36081101700,6724,3441,66,1629,1372
36005023702,1333,27,407,0,894
36005039901,5312,114,664,210,4181
36005023703,5493,78,712,56,4600
36005040100,5086,282,473,31,4288
36005016900,1729,18,738,0,864
36081085500,7041,804,0,4478,1686
36081086300,6807,393,208,4864,1342
36061030700,4072,2232,363,108,1196
36005014702,5157,9,1838,0,3297
36081029400,7340,228,5367,15,1119
36005014300,1579,7,495,113,913
36005018501,3069,44,1767,0,1217
36081004401,4238,222,113,2601,1185
36081005800,6643,1428,504,1240,2961
36061020101,1859,1093,211,294,169
36061020300,4036,1815,384,1005,652
36081116302,4036,530,57,2806,643
36081116700,2083,102,9,1373,546
36081090700,1590,264,0,799,506
36081091900,5776,927,257,2335,2187
36081029700,1925,475,16,429,973
36061018500,5155,3335,339,954,356
36081051500,3565,2372,22,265,785
36081000102,5323,2940,38,1745,335
36061023804,3035,1292,165,1272,117
36061018900,11245,2058,2048,1031,6015
36061019100,8888,5640,670,682,1499
36081030906,3334,693,57,1740,827
36081098700,2806,2187,0,307,290
36081099100,7812,5434,0,1161,1082
36061013700,6579,4220,369,1040,602
36061013900,10203,6665,158,1669,1550
36061014500,6401,4035,220,1536,510
36061027700,6603,1092,467,99,4728
36081010600,3774,73,379,1375,630
36081016600,4002,129,225,1276,888
36061001002,5520,67,919,994,3469
36005003300,3339,61,1069,0,2114
36081056000,1791,453,1,812,400
36081162100,6244,942,363,3337,1231
36081097202,3689,140,2967,32,443
36081099200,4402,494,1913,125,1391
36081045800,2420,230,359,1344,151
36081046200,6099,193,910,3006,1570
36081046600,4631,274,1373,1976,748
36061022700,5239,999,1681,172,1721
36061025900,4033,1006,1455,247,1089
36061006000,5698,4282,94,616,442
36005001901,2168,328,631,0,1155
36081015500,2219,1135,25,583,346
36081015900,3250,1951,154,133,869
36061002400,4385,110,800,732,2585
36061002000,5015,113,926,785,2962
36005009000,3693,96,937,123,2440
36005009800,4818,205,735,246,3149
36081000101,5006,2323,82,1664,532
36081107201,2429,1910,20,232,267
36005020100,3772,73,1198,1,2500
36005020501,7267,139,793,73,6215
36061007900,4170,3394,0,121,503
36061009901,1877,1633,21,59,151
36061014601,4312,3090,82,511,629
36061014602,7878,6287,16,806,596
36061014802,6615,4574,76,533,1230
36061026100,13217,630,633,212,11581
36061025300,11488,1392,438,163,9216
36061026300,9690,1215,215,168,8004
36061019800,2499,634,1206,42,281
36061019000,3722,645,1960,422,611
36061020000,3233,858,1573,145,560
36061027300,7620,5143,220,152,1601
36061027500,3074,1962,16,430,426
36061000700,8653,6432,143,1231,517
36061000900,1906,1173,61,370,192
36061003001,3718,2108,236,588,773
36061005900,5047,3687,162,648,412
36061006100,5143,3096,272,1129,559
36061004200,5347,2839,346,1316,621
36061005000,5042,3712,53,988,67
36061008603,5226,3782,0,344,1038
36061010601,7632,6804,57,403,327
36061012800,5574,4635,6,300,558
36061004700,2714,2055,12,411,157
36061004900,4411,3486,68,413,444
36061013203,4452,3066,0,295,997
36061013400,11272,9194,331,1116,447
36061010602,4812,3413,136,756,451
36061011000,7553,4762,258,1171,1090
36061013800,12879,10452,189,1012,750
36061014000,7461,6734,78,428,42
36061013603,4069,3696,0,161,212
36061013604,4042,3361,0,212,325
36061014402,7028,5167,258,724,651
36061014200,4747,3791,14,367,285
36061002202,2422,1318,228,386,456
36061003002,3126,1656,119,392,903
36061018200,7212,366,2245,221,4039
36061018800,4955,753,880,213,2925
36061017900,9116,6789,3,701,1357
36061018300,8578,6117,265,630,1332
36061016800,5110,776,1891,251,2095
36081045500,13798,2159,4376,2471,4330
36081071702,4287,1208,266,1904,633
36005006700,6993,50,1175,0,5651
36005006900,7255,103,2006,0,5102
36005003100,2165,58,523,106,1416
36005038304,2218,16,414,0,1601
36005036502,2502,26,826,0,1618
36005036700,2198,14,480,73,1581
36005002001,4694,0,2055,0,2534
36005004300,5527,95,1233,0,4143
36005007700,2165,42,272,30,1816
36061023000,9067,544,5389,471,2283
36061023200,9167,512,4277,153,4133
36005022401,2517,326,322,122,1630
36005023000,2963,486,425,167,1793
36081095400,6823,872,3632,180,1828
36081096400,7271,860,3904,496,1502
36061020901,3674,178,1596,115,1714
36061025700,5030,1767,2034,189,839
36061019701,879,320,111,197,251
36061020102,4125,1147,1981,250,484
36005015500,3089,2,968,32,2060
36005038500,5025,25,1528,10,3445
36005039500,4286,31,1614,76,2549
36005028300,2841,354,377,0,2021
36005028500,3763,1601,174,391,1543
36061006200,4385,1643,1028,802,750
36061006600,12022,6601,1011,1903,2164
36061005600,4190,2596,192,368,791
36061007400,4805,3288,134,925,369
36081009100,2170,1128,76,197,754
36061015200,8122,3807,888,736,2165
36081076901,4672,2412,104,680,1215
36081076902,1168,458,3,451,221
36081031700,5359,3884,351,289,835
36061001501,7749,4629,396,1691,377
36061002500,5289,156,1746,1811,1303
36005027401,5148,3265,88,142,1623
36005027402,3611,2030,114,38,893
36081071100,6133,3314,83,1756,829
36081071306,7482,2955,850,1412,1686
36061016700,6966,5851,38,514,266
36081059200,1624,0,1513,41,47
36081062200,2195,117,1838,8,217
36081000104,261,41,179,0,34
36081063800,3487,144,2897,32,379
36081129103,4477,2373,62,1080,889
36061023802,5637,1905,910,1687,944
36061023803,3483,1635,417,1028,236
36061023300,7460,1646,1589,600,3432
36061023700,6328,1212,1572,133,3101
36005041400,5352,511,2914,330,1096
36005041800,3750,144,2038,602,748
36081053501,1372,555,0,37,780
36081052500,2647,1379,26,112,1027
36081059502,3130,660,13,139,2318
36005016500,1074,4,587,9,463
36005016700,3822,25,1544,0,2205
36081002500,6046,318,2513,876,2032
36061021400,3034,247,2275,114,308
36061023600,7871,190,5736,54,1633
36005041100,3677,206,506,272,2605
36005041300,9110,569,830,191,7282
36005030202,5261,347,4015,27,753
36005046205,3053,124,1716,348,865
36081156700,1652,295,454,500,331
36081157101,8902,1662,185,4871,1861
36081157102,2297,318,73,1349,463
36005043501,1059,24,328,43,473
36005045101,1490,1305,80,3,102
36005028400,544,259,152,6,127
36081000701,3044,1460,29,848,530
36081001901,1339,377,213,593,97
36061012902,2374,1119,80,438,507
36061013501,4936,1698,349,833,1944
36061013502,5543,2296,584,1125,1326
36005014500,7002,194,3919,0,2883
36005014701,5864,31,3633,1,1937
36081001903,1525,633,34,524,272
36081003301,2675,1146,80,940,365
36061011500,3367,1496,211,980,592
36081008800,3922,1256,217,450,1992
36081006202,6739,2608,219,307,3241
36061015900,8606,6427,293,799,714
36061016300,7575,6231,89,452,607
36085000300,2187,1042,248,366,483
36085000600,2484,1660,126,513,185
36085000700,4578,1138,1699,168,1427
36085000800,5751,2858,392,1630,843
36085000900,1924,617,282,54,943
36085001100,3106,601,589,163,1540
36085001700,1543,655,249,238,181
36085001800,525,310,0,36,153
36085002001,2883,1674,186,337,578
36085002002,3143,2217,199,463,264
36085002100,4854,1511,1295,242,1628
36085002700,1843,575,250,126,853
36085002900,4956,133,2877,138,1782
36085003300,3758,1994,1004,255,439
36085003600,3189,1234,179,647,834
36085003900,2319,1451,262,120,453
36085004001,3159,775,1520,250,614
36085004002,2395,164,722,929,580
36085004003,2961,0,2030,0,901
36085004004,4361,767,1045,678,1871
36085004700,3158,1817,408,528,312
36085005000,4624,2674,127,1004,812
36085006400,3480,1883,599,596,402
36085006700,2737,2000,157,200,312
36085007001,3180,1717,37,1097,110
36085007002,6761,4059,562,1008,1075
36085007400,4998,2701,367,897,726
36085008100,4622,1706,1030,319,1461
36085009601,4673,3547,35,481,515
36085009602,3353,2195,29,659,398
36085009701,4288,1609,1280,180,1118
36085010500,4545,1846,528,188,1743
36085011201,5846,3634,64,1105,872
36085011203,6622,3542,399,1385,1123
36085011204,260,14,172,0,74
36085011401,3273,1486,446,201,941
36085011402,3532,2747,35,320,288
36085012100,3076,2568,16,3,324
36085012200,3976,2380,53,238,1305
36085012500,3020,1378,563,162,823
36085012804,4574,2780,37,770,775
36085012805,2370,1960,29,241,102
36085012806,5595,3352,102,575,1177
36085013301,1091,60,693,31,304
36085013302,3846,173,1406,130,2094
36085013400,4225,2636,608,277,589
36085014607,4841,3918,42,273,541
36085014608,3304,2834,0,123,316
36085015100,6017,4341,6,918,691
36085015601,6262,4738,118,338,1065
36085015602,3533,3179,19,1,312
36085015603,4903,3356,0,414,1105
36085016901,3870,2830,31,225,679
36085017005,4873,3945,34,643,251
36085017007,6457,3808,19,683,1844
36085017009,5186,4423,0,535,228
36085017011,4920,4211,2,145,435
36085017012,4364,3434,33,178,660
36085017013,4158,2965,68,415,710
36085017014,4377,3101,46,489,667
36085017015,2940,2816,0,0,124
36085017300,2372,869,295,411,609
36085017600,4963,4435,225,198,95
36085017701,3556,2690,1,723,93
36085017702,2331,1968,0,138,225
36085018100,3268,2628,91,259,259
36085018701,1931,1100,112,417,272
36085018703,4794,2433,109,1558,589
36085018704,3770,2441,406,541,144
36085018901,5216,3527,224,864,587
36085018902,6277,4233,27,1018,716
36085019700,1840,1347,8,281,161
36085020100,3777,1498,201,294,1502
36085020701,3168,286,1971,0,697
36085020702,2311,218,428,48,1587
36085020804,6055,4764,1,199,714
36085020805,6446,5483,13,136,538
36085020806,2514,2006,1,0,301
36085022300,2765,352,862,69,1075
36085022601,6946,6205,40,130,571
36085022602,1323,1278,6,39,0
36085023100,5259,924,1322,666,2268
36085023900,3729,825,500,357,1805
36085024401,5704,4887,0,118,677
36085024402,5028,4604,2,96,300
36085024800,4864,3656,19,259,930
36085025100,6002,3780,265,646,1202
36085027301,4034,2323,54,913,686
36085027302,4158,3114,20,740,188
36085027702,6540,3885,101,1214,1277
36085027704,4832,3239,86,836,671
36085027705,6401,3614,228,1850,653
36085027706,3625,2047,350,563,487
36085027900,2288,1799,43,265,181
36085029102,3322,1865,17,905,535
36085029104,6819,3875,250,1335,1302
36085029105,4593,2827,101,592,939
36085030301,5628,2040,284,1136,1905
36085030302,6663,1803,1409,671,2585
36085031901,3422,252,1625,602,943
36085031902,5298,441,2726,227,1817
36085032300,1105,138,420,33,329
36047000100,4722,3174,677,287,384
36047000200,1160,249,23,55,833
36047000301,3892,3514,62,63,164
36047000501,4604,3022,233,593,561
36047000502,2826,2297,38,339,117
36047000700,4044,3132,131,188,189
36047000900,4687,3326,196,376,307
36047001100,1508,868,164,208,221
36047001501,5117,1119,1645,987,1142
36047001502,5074,1771,654,1626,706
36047001801,2021,389,743,39,771
36047002000,1845,33,50,98,1664
36047002200,4083,1079,202,440,2349
36047002300,4418,36,1634,696,2052
36047002901,4370,126,2148,718,714
36047003000,1736,887,93,556,166
36047003101,3608,1627,632,853,312
36047003300,4630,1964,1080,576,389
36047003400,3582,1980,126,750,710
36047003500,2297,1194,525,290,144
36047003600,3699,2137,80,610,726
36047003700,3220,1736,322,734,172
36047003800,1512,835,6,456,177
36047003900,2349,1140,171,319,311
36047004100,3535,2622,257,232,272
36047004300,3919,2241,415,520,567
36047004400,2335,1925,37,160,204
36047004500,3614,2426,501,292,174
36047004600,1386,1095,0,138,153
36047004700,1912,950,127,126,456
36047004900,2833,1848,375,160,266
36047005000,2405,1797,36,383,189
36047005201,1659,1095,11,320,203
36047005202,2734,2271,71,104,189
36047005301,2334,1431,313,58,463
36047005302,91,39,0,5,47
36047005400,3388,2334,129,448,406
36047005601,2585,1354,372,467,337
36047005602,1867,1272,16,147,347
36047005800,3066,2092,23,280,577
36047006000,3516,1707,0,306,1402
36047006200,2536,1621,31,446,381
36047006400,3264,2583,26,250,307
36047006500,6308,4821,103,235,629
36047006600,3898,2198,53,594,832
36047006700,4102,3393,47,122,253
36047006800,4684,1862,259,756,1689
36047006901,1838,1503,22,123,168
36047006902,2157,1613,50,98,178
36047007000,2632,1606,88,363,405
36047007100,4669,868,1873,238,1334
36047007200,1844,183,14,320,1311
36047007400,5508,585,12,1666,3237
36047007600,5327,508,165,1197,3450
36047007800,5053,719,32,398,3878
36047008000,3571,784,41,249,2433
36047008200,3780,390,424,422,2159
36047008400,3742,640,110,229,2707
36047008500,7412,134,3618,300,2717
36047008800,2531,768,493,515,712
36047009001,1388,137,0,404,847
36047009002,1392,108,46,399,839
36047009201,2182,167,58,1528,252
36047009202,3653,370,164,909,2147
36047009401,2460,143,0,1712,605
36047009402,2970,592,66,1821,354
36047009600,5822,1144,80,2130,2352
36047009800,6364,172,86,2586,3476
36047010000,5434,291,123,2814,2166
36047010200,5025,430,58,3434,1039
36047010401,2411,147,13,2084,167
36047010402,2207,162,0,1893,133
36047010601,2773,37,42,2026,410
36047010602,2185,131,0,2008,0
36047010801,1895,189,0,1428,278
36047010802,2413,179,22,1855,302
36047011000,2490,752,8,996,718
36047011200,6274,2306,98,1662,1835
36047011400,3709,1424,493,966,751
36047011600,3480,206,22,2811,430
36047011800,1965,128,12,1724,94
36047011901,1382,839,78,142,295
36047012000,1299,50,0,1018,215
36047012100,1989,1204,67,96,569
36047012200,5762,582,14,2598,2554
36047012600,2831,782,110,1001,818
36047012700,3896,1114,1575,248,881
36047012801,2192,642,10,1241,299
36047012901,2389,1416,168,221,483
36047012902,2996,1691,389,204,445
36047013000,4794,2790,202,476,1092
36047013100,3936,2393,433,339,488
36047013200,2422,1218,63,857,284
36047013300,4567,3340,122,364,568
36047013400,4510,2490,88,918,893
36047013500,4223,3131,18,472,275
36047013600,3849,2613,2,410,719
36047013700,3574,2068,256,326,802
36047013800,4083,2272,169,577,1047
36047013900,3637,2323,324,168,594
36047014000,2051,1385,100,382,184
36047014101,1036,610,22,124,199
36047014200,3403,1774,152,559,642
36047014700,2675,1453,0,170,689
36047014800,1266,861,0,184,217
36047014901,1563,1178,38,68,134
36047014902,4707,3389,7,386,856
36047015000,1744,1079,3,376,227
36047015100,4129,3167,13,285,432
36047015200,2786,1441,126,682,526
36047015300,2830,2034,106,164,420
36047015500,3904,2702,217,177,461
36047015700,4853,3347,359,509,454
36047015900,5102,3818,255,390,430
36047016000,4647,2339,323,864,853
36047016100,3726,2373,427,303,450
36047016200,2409,1199,101,114,922
36047016300,3906,2543,776,210,229
36047016400,1310,669,388,86,84
36047016500,6604,4539,180,706,692
36047016600,1940,1518,0,234,149
36047016700,4859,3318,100,761,514
36047016800,2166,1397,0,550,127
36047016900,5244,4139,45,399,439
36047017000,3075,1573,0,1272,192
36047017200,3252,1398,49,1191,464
36047017400,2384,1210,0,886,241
36047017600,2602,1497,23,708,339
36047017800,2901,1072,54,1175,575
36047017900,4375,954,1722,435,744
36047018000,3253,1328,0,1078,832
36047018100,3788,2571,456,261,284
36047018200,3612,1070,0,1948,387
36047018300,2749,1700,363,115,139
36047018400,2295,979,0,1087,144
36047018501,4767,419,2135,272,1831
36047018600,2311,988,0,823,494
36047018700,1459,783,287,96,241
36047018800,2882,1353,24,919,462
36047019000,5114,1631,27,2156,1257
36047019100,2993,1316,475,318,757
36047019200,2876,771,9,1215,757
36047019300,5684,2145,1778,802,824
36047019400,3512,486,7,2484,513
36047019500,3405,1551,1287,15,354
36047019600,4670,1379,274,1778,1239
36047019700,3754,1946,1010,200,383
36047019800,1895,772,0,811,258
36047019900,3632,1819,783,209,633
36047020000,2387,892,0,999,496
36047020100,4277,2257,1237,248,202
36047020200,1924,869,29,780,207
36047020300,1849,956,274,122,281
36047020400,1886,1491,0,293,57
36047020500,3407,1927,422,557,133
36047020600,2692,1526,21,714,388
36047020700,4923,3032,793,260,518
36047020800,3251,1061,36,1936,145
36047021000,4089,1165,85,2370,283
36047021100,3008,626,1231,155,837
36047021200,4328,1244,0,2438,646
36047021300,4346,889,2919,0,469
36047021400,2482,1142,0,1005,289
36047021500,6271,2815,2102,306,505
36047021600,3945,3125,3,287,387
36047021700,3493,1159,1408,263,497
36047021800,2927,2521,0,67,147
36047021900,3882,1303,1767,199,334
36047022000,5153,4175,21,272,381
36047022100,4058,1381,2103,168,321
36047022200,4034,3752,0,81,201
36047022400,5479,4570,7,275,627
36047022600,2478,1297,0,349,735
36047022700,4244,1717,1444,200,749
36047022800,4129,2493,38,1246,210
36047022900,4082,2043,1234,162,342
36047023000,4555,3582,133,176,664
36047023100,3623,1778,969,157,506
36047023200,6593,5731,0,182,597
36047023300,6953,2494,2552,540,1142
36047023400,5080,4945,15,11,93
36047023500,5613,4077,321,253,881
36047023600,5924,5433,0,57,77
36047023800,4563,4437,0,0,77
36047024000,6001,5243,95,6,591
36047024100,2876,1858,334,104,486
36047024200,2618,2136,12,342,128
36047024300,4454,1190,2267,244,648
36047024400,3636,2579,1,565,444
36047024500,4513,1337,2294,324,404
36047024600,3011,1557,43,938,392
36047024700,2594,722,1046,196,428
36047024800,2506,1121,5,890,391
36047024900,4146,1788,1650,98,403
36047025000,1914,130,1,1243,540
36047025100,4032,1121,2133,70,589
36047025200,5501,2156,74,1745,1132
36047025300,4003,1409,1716,96,552
36047025400,3306,1078,0,1738,418
36047025500,5558,125,1702,98,3568
36047025600,3134,791,24,2096,67
36047025700,2584,897,405,28,1178
36047025800,4871,2009,0,1445,1343
36047025901,2077,670,683,53,549
36047025902,3694,0,1834,44,1778
36047026000,3402,1206,22,1376,610
36047026100,5358,1072,2022,425,1605
36047026200,2819,693,27,1869,202
36047026300,2097,354,1345,57,243
36047026400,4446,1589,24,1633,1047
36047026500,4192,1036,2073,133,488
36047026600,3662,1019,0,1645,950
36047026700,4533,1530,2178,126,427
36047026800,4917,2056,4,1996,830
36047026900,3249,751,1731,35,511
36047027000,2519,1452,0,765,302
36047027100,3553,515,2365,244,376
36047027200,3803,1464,0,1171,1154
36047027300,3899,691,2904,82,107
36047027400,3412,1251,34,1488,382
36047027500,5031,742,3354,220,518
36047027600,3996,1179,24,1224,1345
36047027700,4473,467,3029,38,795
36047027800,3337,1303,25,1663,313
36047027900,3459,942,1746,72,518
36047028000,1946,729,4,766,446
36047028100,5175,625,2496,93,1819
36047028200,3623,1416,338,1561,212
36047028300,4015,643,1566,82,1463
36047028400,3614,1454,35,1364,678
36047028501,356,129,50,39,130
36047028502,3173,0,1630,51,1377
36047028600,5797,2108,249,1359,997
36047028700,3488,787,1381,210,1110
36047028800,3703,1119,22,1743,806
36047029000,3852,2614,0,716,348
36047029100,3525,637,2120,75,530
36047029200,2766,1267,48,608,712
36047029300,3553,521,2286,115,540
36047029400,2614,1081,289,724,387
36047029500,4113,916,2365,40,471
36047029600,6037,3155,0,1755,1007
36047029700,4761,858,3521,22,73
36047029800,4387,1542,38,1894,797
36047029900,2431,397,1236,6,681
36047030000,4415,1289,67,1793,978
36047030100,3350,527,2219,74,448
36047030200,4448,1345,62,2795,47
36047030300,5007,221,3785,22,892
36047030400,4547,1448,137,1817,833
36047030500,7144,3296,1887,384,1123
36047030600,2002,831,7,823,291
36047030700,7284,646,5054,79,1372
36047030800,1944,1225,0,583,103
36047030900,2444,6,1752,45,465
36047031100,3014,550,1898,137,306
36047031300,5111,1099,2622,138,660
36047031401,5157,2712,15,1429,951
36047031500,5348,2004,2286,421,501
36047031701,3792,987,2147,119,345
36047031702,3834,1367,1445,152,591
36047031900,3100,1823,964,23,261
36047032100,5254,1101,2942,115,993
36047032300,3575,761,2222,8,544
36047032500,6321,730,4417,153,736
36047032600,7510,540,2464,1343,2554
36047032800,2848,537,763,887,657
36047032900,6174,2864,2629,71,520
36047033000,5007,764,2164,370,1385
36047033100,4441,2209,1913,0,180
36047033300,4578,2935,1192,10,363
36047033500,3218,1793,1191,26,111
36047033600,5217,4023,161,669,309
36047033701,2603,869,1177,7,550
36047033702,1660,1183,257,43,177
36047033900,4720,766,3091,281,279
36047034000,1998,681,738,97,482
36047034100,3240,567,2084,49,274
36047034200,6615,1910,2013,88,2520
36047034300,5340,344,3253,0,1340
36047034500,2833,944,1577,25,161
36047034700,3720,164,3096,10,432
36047034800,2851,572,229,543,1507
36047034901,1937,171,1585,61,29
36047034902,3934,396,3188,20,275
36047035000,3355,3313,15,0,27
36047035101,2565,141,1379,95,911
36047035102,2659,779,1711,11,143
36047035200,1401,926,301,96,78
36047035301,2731,265,1747,56,541
36047035302,3022,776,1642,80,524
36047035500,5772,774,4153,0,659
36047035601,2879,2590,81,0,150
36047035602,5875,5308,97,60,23
36047035701,2414,43,1977,7,302
36047035900,5944,470,4261,74,603
36047036001,3055,2566,0,90,106
36047036002,4311,3775,31,155,1
36047036100,2914,188,2032,5,627
36047036200,3866,2023,59,378,809
36047036300,5861,181,4278,38,1253
36047036400,2441,1479,14,271,475
36047036501,3299,10,2859,32,398
36047036502,1655,25,672,0,911
36047036700,1942,107,809,0,940
36047036900,5840,559,3394,144,1716
36047037000,4358,2908,11,1141,182
36047037100,5344,704,3351,7,1001
36047037300,4831,778,2831,158,712
36047037401,4735,3206,368,478,352
36047037402,4967,3119,186,563,788
36047037500,3269,615,1689,76,782
36047037700,5229,864,3479,94,533
36047037900,5122,450,4027,51,442
36047038100,5605,784,3525,159,963
36047038200,6190,198,2469,1322,1999
36047038300,5573,898,3889,255,256
36047038500,4556,433,2987,136,497
36047038600,3336,1087,0,1295,894
36047038800,4691,3255,406,474,521
36047038900,3072,1139,182,260,1452
36047039000,2592,2320,0,96,176
36047039100,3844,1278,215,520,1732
36047039200,3370,2740,244,47,327
36047039400,2184,1697,66,130,159
36047039600,2090,1785,70,41,144
36047039700,3076,712,1168,45,1081
36047039800,3103,689,0,1579,594
36047039900,4551,613,1430,37,2169
36047040000,3073,1172,28,1530,335
36047040100,3423,671,1132,188,1261
36047040200,2936,862,0,1613,400
36047040300,4094,638,2225,119,1047
36047040400,2563,986,43,1312,142
36047040500,1584,237,558,63,667
36047040600,3992,1130,51,1991,618
36047040800,3862,1117,44,2261,354
36047040900,4358,623,639,61,2730
36047041000,2055,1667,15,313,50
36047041100,3778,813,1210,3,1369
36047041200,3454,1900,0,1235,211
36047041300,3646,746,1312,141,1296
36047041401,1396,1153,36,93,55
36047041402,2052,1397,0,45,397
36047041500,4472,840,1474,170,1803
36047041600,2178,1522,32,105,242
36047041700,3330,441,545,134,2118
36047041800,2785,2246,13,156,234
36047041900,3866,556,890,317,2103
36047042000,1812,1530,7,6,222
36047042100,4505,1256,360,308,2506
36047042200,3624,2193,129,223,569
36047042300,3990,1352,256,244,1979
36047042400,3753,1486,4,1722,447
36047042500,3412,1015,164,60,2113
36047042600,4782,2071,105,1526,931
36047042700,4690,1755,164,337,2177
36047042800,3892,1686,75,1613,298
36047042900,5558,1167,95,313,3636
36047043000,3738,1536,4,1166,781
36047043100,4695,1504,265,196,2531
36047043200,4504,1827,49,1748,749
36047043300,3820,348,285,128,2897
36047043400,4014,1359,102,1784,444
36047043500,5191,558,727,365,3519
36047043600,5057,2536,49,1222,896
36047043700,6041,1037,518,139,4093
36047043800,2463,1896,74,244,113
36047043900,3919,305,679,599,2232
36047044000,2952,2377,25,87,375
36047044100,5563,950,332,542,3617
36047044200,2499,2405,6,0,43
36047044300,4537,1727,140,347,2181
36047044400,3900,2900,35,232,727
36047044500,4519,1315,115,407,2404
36047044600,2055,655,26,906,339
36047044700,2487,840,281,33,1245
36047044800,1918,1568,0,207,118
36047044901,2884,566,1234,56,1006
36047045000,982,862,13,74,33
36047045200,2766,2389,88,88,49
36047045300,2291,649,577,19,904
36047045400,1737,1262,80,10,385
36047045600,2202,1205,15,466,336
36047045800,1196,1041,33,0,115
36047046000,3529,1477,144,923,880
36047046201,2287,1574,8,488,54
36047046202,1960,1728,37,165,25
36047046400,2847,2444,21,190,114
36047046800,2213,2202,5,0,6
36047047000,2527,2408,3,0,80
36047047200,3009,2818,28,18,7
36047047400,2590,2311,5,33,8
36047047600,3132,2733,155,16,59
36047047700,4017,2889,104,263,475
36047047800,4398,3386,7,286,441
36047048000,3324,1941,66,488,829
36047048100,3053,1309,155,166,1331
36047048200,5545,2528,374,1473,1097
36047048400,5889,3965,225,1031,562
36047048500,2329,1076,162,105,894
36047048600,3556,914,634,1245,709
36047048800,4420,1975,365,1228,710
36047048900,3709,141,1262,20,2286
36047049000,5573,2334,292,1589,999
36047049100,6993,2054,665,1736,2538
36047049200,2978,1552,337,563,347
36047049301,2408,110,609,0,1689
36047049302,5262,1091,374,259,3257
36047049400,5372,2815,445,926,787
36047049500,2546,1603,236,174,511
36047049600,3938,1534,111,1338,911
36047049700,3076,2157,66,322,424
36047049800,4036,1363,87,1359,1011
36047049900,2088,1479,54,85,182
36047050002,1966,984,188,215,333
36047050100,3373,1979,87,191,828
36047050300,2910,1892,45,150,554
36047050401,3171,1702,406,530,289
36047050402,1758,1160,410,18,121
36047050500,4136,946,624,534,1984
36047050700,3780,3121,147,34,432
36047050801,3719,404,2050,168,1053
36047050804,6597,1564,2931,413,1530
36047050900,6003,5386,26,0,302
36047051001,4491,273,3536,148,369
36047051002,4038,531,2233,98,985
36047051100,4491,1840,239,870,1418
36047051300,5825,2629,98,269,2296
36047051400,7733,1241,3568,403,2162
36047051500,2812,1843,97,404,369
36047051601,5132,647,3257,248,781
36047051602,3843,327,2583,36,834
36047051700,2857,1829,38,206,530
36047051800,3455,915,1459,109,607
36047051900,5257,3616,178,708,602
36047052000,3951,1670,888,627,581
36047052300,5376,1937,208,319,2761
36047052500,3321,2062,97,115,974
36047052600,4366,1896,633,868,884
36047052700,6917,1886,68,709,4149
36047052800,1935,1161,154,440,98
36047052900,2920,2507,0,1,412
36047053000,4133,2432,64,885,475
36047053101,2915,2583,74,0,258
36047053102,6244,5865,0,118,54
36047053200,2759,1392,184,494,150
36047053300,6367,6255,40,1,69
36047053400,4927,2603,337,1631,168
36047053500,4033,3694,0,0,214
36047053700,4275,4155,66,26,22
36047053800,5759,3655,620,800,576
36047053900,2878,2092,46,17,723
36047054200,4138,3489,62,147,330
36047054400,4140,3303,0,695,98
36047054600,5445,3769,202,656,387
36047054700,6717,5044,289,124,990
36047054800,2248,2046,47,39,65
36047054900,4577,2987,0,263,1144
36047055000,3773,2812,59,279,596
36047055100,5413,2790,156,314,1883
36047055200,3625,2438,4,798,134
36047055300,3065,1797,6,119,968
36047055400,4252,3073,32,576,409
36047055500,9345,5256,146,1223,1790
36047055600,4079,3099,40,410,412
36047055700,1834,1151,14,132,452
36047055800,2511,1668,36,454,281
36047056000,3651,2943,103,352,186
36047056100,3776,2757,66,220,427
36047056200,1936,1666,0,155,29
36047056301,4387,2910,85,280,968
36047056302,1638,784,290,96,467
36047056400,2735,1492,96,749,325
36047056500,3432,2761,0,119,418
36047056600,2679,1186,369,935,96
36047056800,1440,817,0,453,51
36047056900,1762,1384,20,29,247
36047057000,3790,2143,87,728,713
36047057100,4036,2949,1,150,336
36047057200,5394,1023,2841,499,1003
36047057300,2545,1989,34,84,259
36047057400,2993,1106,1,1711,145
36047057500,4417,3104,127,109,759
36047057600,3157,1236,36,1637,112
36047057800,2964,1343,93,953,402
36047057901,1274,654,159,98,328
36047058000,4214,1747,260,1509,497
36047058200,2697,1071,57,505,975
36047058400,3655,2551,106,787,148
36047058600,2769,741,203,1708,107
36047058800,3542,2212,39,844,266
36047058901,1804,1634,0,32,99
36047059000,2025,785,73,627,517
36047059100,3963,3003,63,94,661
36047059200,4190,2568,137,666,318
36047059300,2396,1865,38,68,347
36047059402,5942,4222,53,1361,115
36047059403,3456,1352,0,1872,219
36047059404,4313,2541,177,1245,312
36047059600,2445,1903,35,326,0
36047059800,3712,2872,132,407,22
36047060000,6344,4697,68,647,781
36047060600,2896,2099,14,504,181
36047060800,3986,2991,67,518,304
36047061002,5247,5178,0,0,36
36047061003,1842,518,27,523,774
36047061004,6218,5178,0,330,516
36047061200,1169,1021,0,8,117
36047061600,1508,1457,23,0,28
36047062000,2021,1990,0,31,0
36047062200,2786,1766,307,313,329
36047062600,3105,1821,51,941,151
36047062800,5009,3710,0,498,668
36047063200,1471,1212,34,148,18
36047063600,1254,839,0,327,66
36047063800,2258,1543,148,385,171
36047064000,1768,1524,0,92,143
36047064200,2617,2015,69,266,84
36047064400,2981,1632,323,679,252
36047064600,2337,1598,22,521,118
36047064800,2430,1513,514,109,288
36047065000,1524,499,460,173,376
36047065200,1173,885,45,67,135
36047065400,1592,1150,9,344,65
36047065600,1900,1302,25,457,98
36047065800,1853,1079,0,547,211
36047066000,2100,1459,7,290,120
36047066200,1392,886,27,264,171
36047067000,2928,673,1572,378,221
36047067200,1713,173,1178,164,198
36047067400,1968,230,1275,190,70
36047067600,1847,115,1334,42,293
36047067800,3312,120,2982,0,69
36047068000,2096,110,1322,75,314
36047068200,2587,404,1581,148,326
36047068600,1721,868,503,232,100
36047068800,1872,338,933,267,255
36047069000,2007,229,1206,30,500
36047069200,2354,247,1585,93,341
36047069601,3400,1302,1619,79,337
36047069800,1534,728,74,332,252
36047070000,1344,1088,142,26,88
36047070201,5775,4965,86,88,175
36047072000,2109,102,1675,33,182
36047072200,3165,38,2294,34,459
36047072400,1939,28,1828,1,33
36047072600,2392,76,1775,82,217
36047072800,3791,54,3258,227,64
36047073000,2676,89,2323,77,46
36047073200,2195,32,1906,100,91
36047073400,1720,36,1245,106,132
36047073600,3186,129,2030,525,282
36047073800,3863,1103,1759,214,752
36047074000,3963,414,2469,591,345
36047074200,3144,1448,1150,56,142
36047074400,3084,2564,215,80,95
36047074600,2643,1953,397,75,161
36047074800,1725,1255,266,114,81
36047075000,3104,2276,311,77,285
36047075200,1076,1062,8,6,0
36047075400,1262,1242,12,0,8
36047075600,2121,1813,74,35,192
36047075800,1742,1517,54,43,70
36047076000,2935,2578,172,31,58
36047076200,4633,1727,648,1223,989
36047076400,4230,985,1893,614,560
36047076600,2182,365,1423,56,212
36047076800,4064,3073,11,631,179
36047077000,2583,471,1789,123,86
36047077200,3560,1346,1536,97,317
36047077400,3441,732,1980,221,430
36047077600,3882,504,2854,276,134
36047078000,2413,80,2199,43,91
36047078200,4349,91,3051,140,804
36047078400,2830,72,2070,210,147
36047078601,2475,175,1468,413,396
36047078602,2122,183,1499,125,212
36047078801,2208,48,1777,0,164
36047078802,1793,0,1504,21,117
36047079001,1747,217,1439,19,30
36047079002,3042,28,2422,49,312
36047079201,1200,118,1015,8,34
36047079202,2255,143,1646,89,247
36047079400,1978,139,1318,19,292
36047079601,3681,1194,1803,155,372
36047079602,5324,702,2698,255,1344
36047079801,3198,1199,1264,288,160
36047080000,3697,1199,2020,78,248
36047080200,5008,764,3490,175,456
36047080400,3238,460,2470,58,133
36047080600,3466,907,1977,112,231
36047080800,1796,214,1134,73,375
36047081000,2530,359,1621,137,237
36047081400,2655,123,2156,72,289
36047081600,2922,271,2180,192,231
36047081800,4280,529,3110,259,162
36047082000,5436,489,4160,132,261
36047082200,7594,752,5746,110,700
36047082400,5116,175,4436,0,248
36047082600,4923,132,4436,0,139
36047082800,3531,173,2920,60,258
36047083000,6490,36,5436,80,782
36047083200,2135,10,1830,71,52
36047083400,1650,39,1264,101,72
36047083600,2031,0,1636,41,76
36047083800,2109,1,1803,4,106
36047084000,2631,46,2315,11,220
36047084600,1905,28,1526,0,50
36047084800,1645,5,1385,47,157
36047085000,1747,0,1730,0,13
36047085400,1998,91,1538,36,184
36047085600,3947,111,3313,56,232
36047085800,1995,0,1647,8,84
36047086000,3323,13,3121,9,85
36047086200,3008,84,2620,0,214
36047086400,2922,0,2631,23,213
36047086600,3289,133,2488,20,487
36047086800,3366,21,2942,103,227
36047087000,3253,203,2550,44,379
36047087200,3045,261,2309,127,104
36047087401,3730,162,2939,0,138
36047087600,1825,429,1278,8,74
36047087800,2448,0,2158,0,85
36047088001,2135,57,1856,8,197
36047088002,1187,296,757,17,66
36047088200,6411,824,4815,0,613
36047088400,4640,78,3430,71,43
36047088600,4078,81,3527,6,220
36047088800,4191,10,3531,106,461
36047089000,6935,165,6281,0,178
36047089200,3130,59,2616,0,274
36047089400,3369,23,3125,0,123
36047089600,3272,14,2336,117,595
36047089800,2227,66,1483,0,163
36047090000,4542,108,3363,0,868
36047090200,3509,84,2242,241,852
36047090600,3476,33,2303,0,1024
36047090800,5498,111,3579,121,1514
36047091000,4613,0,2492,137,1730
36047091200,5312,40,3653,34,1585
36047091600,3686,30,2462,20,879
36047091800,2340,19,1318,0,1003
36047092000,2247,0,1877,44,326
36047092200,2335,223,1683,0,290
36047092400,2673,122,2120,0,382
36047092800,2745,4,2408,0,175
36047093000,3046,20,2912,5,32
36047093200,1537,70,1215,20,225
36047093400,2585,47,2219,0,157
36047093600,1679,21,1645,2,11
36047093800,2736,120,2478,0,48
36047094401,3330,30,3151,0,109
36047094402,3314,66,2881,70,273
36047094600,1888,3,1713,57,86
36047095000,2751,156,2265,0,291
36047095400,4340,52,4041,32,201
36047095600,4524,372,4028,0,68
36047095800,3378,227,2620,123,279
36047096200,1679,127,1331,15,181
36047096400,2469,96,1882,99,181
36047096600,2525,38,1814,63,361
36047096800,1511,37,965,91,214
36047097000,2696,161,1414,9,702
36047097400,2792,130,2067,60,477
36047098200,4526,0,3401,0,1059
36047098400,2233,65,2002,0,113
36047098600,2857,156,2346,88,154
36047098800,3348,92,2576,191,419
36047099000,1742,125,1473,7,79
36047099200,2483,41,2189,60,60
36047099400,2057,13,1739,136,99
36047099600,3496,178,3091,103,61
36047099800,4005,303,3398,21,251
36047100400,3004,142,2640,32,69
36047100600,2809,165,2232,95,114
36047100800,2236,156,1819,36,188
36047101000,2293,95,1836,79,179
36047101200,2324,30,1899,127,172
36047101400,2169,59,1809,55,217
36047101600,1710,12,1554,0,32
36047101800,2176,53,1638,209,159
36047102000,2261,49,2139,0,60
36047102200,2364,413,1491,189,126
36047102400,2245,142,1912,0,47
36047102600,3193,144,2575,92,138
36047102801,1610,27,1329,152,35
36047103401,4379,47,3097,0,1095
36047105801,6094,1407,3378,112,879
36047107001,2992,82,2065,8,587
36047107800,4667,37,3870,0,616
36047109800,2460,200,1594,109,394
36047110400,4811,73,3565,2,863
36047110600,4994,75,2850,0,2017
36047111000,3120,60,1993,43,978
36047111600,3617,51,2477,0,1055
36047111800,3953,60,2387,226,1120
36047112000,3353,5,2138,49,1161
36047112200,2946,30,1885,115,774
36047112400,3938,65,2928,0,860
36047112600,4029,0,3023,148,758
36047112800,4024,134,3199,0,691
36047113000,4087,78,2652,41,1072
36047113200,2315,93,1840,0,365
36047113400,2566,57,1520,0,807
36047114201,1497,53,457,39,926
36047114202,3001,82,828,0,2024
36047114400,2849,97,1383,46,1296
36047114600,3119,49,605,214,2140
36047115000,2839,23,1439,23,1344
36047115200,3664,274,1671,56,1245
36047115600,4320,2,3219,26,1070
36047115800,3020,67,1806,38,818
36047116000,2781,40,1849,0,779
36047116200,2728,0,2130,126,312
36047116400,4063,52,2388,85,1365
36047116600,3028,76,1336,291,1256
36047116800,2538,34,685,84,1735
36047117000,1914,34,180,43,1657
36047117201,2427,84,348,45,1871
36047117202,4492,48,1422,78,2612
36047117400,3919,172,659,38,2920
36047117601,3333,162,470,65,2619
36047117602,2782,231,313,166,1927
36047117800,1924,38,273,214,1294
36047118201,3329,152,522,249,2160
36047118202,3581,269,579,213,2454
36047118400,4899,396,442,435,3550
36047118800,4814,553,1485,962,1308
36047119000,2372,94,812,94,1219
36047119200,3421,40,1559,177,1335
36047119400,5898,68,3621,593,1496
36047119600,5099,94,2248,662,1889
36047119800,3664,185,1130,27,2302
36047120000,2769,45,1280,733,413
36047120200,2160,97,981,578,344
36047120801,5672,63,3936,550,902
36047120802,4556,65,3746,0,680
36047120803,1916,149,1414,4,349
36047121000,4237,0,2437,0,1800
36047121400,4720,19,2800,8,1870
36047122000,6741,61,6131,0,549
36047123700,8372,7763,122,0,394
36081032000,5220,186,3771,191,677
36081068000,5726,28,5330,46,307
36081048302,2300,66,0,1026,1208
36005007100,2827,32,871,65,1827
36005007500,6295,24,1837,90,4259
36005014100,6384,176,2338,10,3668
36005018502,6503,66,2260,0,3975
36081024500,5095,1868,20,1609,1514
36081024700,1438,207,12,821,378
36085014606,5732,4498,45,157,905
36047007500,4811,3574,85,313,739
36047007700,6211,4489,199,489,534
36081056800,5310,209,2933,343,1252
36081058000,4407,14,2980,47,465
36081013700,1880,1388,0,104,292
36081014100,1680,795,32,275,454
36047105804,6831,971,4507,318,1013
36005037600,2071,194,660,85,1078
36005017300,6373,84,2326,107,3801
36005033700,2644,1764,150,116,553
36005034500,3645,1824,330,101,1314
36005033500,2158,1230,257,95,513
36005035100,3744,1894,256,63,1368
36005011502,4210,38,1301,7,2768
36005012300,4582,0,2016,25,2536
36081051100,2562,1345,28,300,806
36005003700,277,5,70,0,202
36061014700,3041,1611,54,861,237
36061015102,7426,3356,647,1725,682
36061008601,3042,1769,82,825,338
36061008800,8108,5238,241,1655,117
36005006000,1295,12,39,11,1228
36005022000,1917,10,444,40,1423
36061009000,7775,5425,214,1500,503
36047050803,2752,521,1542,80,513
36047079802,5129,1516,2554,315,493
36005006100,3955,75,3094,28,752
36005025700,1793,46,224,4,1492
36061029900,3757,122,663,11,2844
36047152200,3578,1533,406,852,410
36005005300,5472,32,2766,0,2509
36005024700,1967,23,856,134,944
36081060300,2050,1121,0,135,794
36081061301,5877,3072,41,208,2502
36081089201,9069,7766,98,150,1002
36081006201,5920,2890,439,891,1610
36081088400,9187,6660,363,235,1849
36005018301,4657,437,1414,113,2562
36005019500,7766,172,2415,50,4930
36005005902,2730,255,690,28,1672
36085014604,7392,6106,0,502,614
36085014605,4043,3596,2,186,185
36081029100,6262,818,68,3752,1479
36081029300,1234,153,4,761,200
36085005901,3316,2199,161,212,695
36047051200,6470,1293,3735,93,1111
36081032900,3253,573,514,871,1267
36005016600,2397,541,183,188,1367
36005019400,2162,330,318,205,1140
36081001800,3058,260,76,498,1751
36081002000,1746,230,5,308,1103
36047050600,5820,1379,2072,705,1525
36081049900,5705,583,81,3764,1040
36081050700,3717,2158,17,904,638
36061024000,1845,256,1006,46,504
36005001902,1399,246,387,29,650
36047006300,2284,1647,29,114,256
36047005100,2967,2307,1,159,164
36047005900,1234,783,145,5,259
36081038100,7058,343,673,320,5582
36085021300,5027,1735,836,51,2325
36085024700,2886,784,723,576,765
36005005100,6087,30,2245,0,3742
36005006301,5521,785,1467,121,3059
36061030300,4393,1497,248,98,2392
36085019800,7733,6330,78,420,770
36085020803,8451,7847,0,249,301
36047035400,6315,6014,114,0,117
36047036600,4315,1656,132,878,1122
36081003900,1363,311,39,75,852
36081034700,2923,211,327,636,1677
36005015700,5155,79,1593,0,3000
36005016100,4787,53,1608,0,3073
36061031703,6419,4526,124,993,277
36061031704,10558,6389,138,2703,1090
36085029106,3529,2432,137,128,618
36047001300,2028,1268,211,303,160
36085013203,6684,5200,278,217,762
36085013204,5246,3986,15,392,726
36085013201,1417,1070,48,87,167
36085013800,6705,5375,0,420,671
36061011700,4900,2635,387,956,696
36061012901,7025,3918,266,1806,744
36047017100,4357,2986,13,223,954
36047050202,2460,1752,19,135,363
36047050001,2250,1269,181,392,240
36047150200,2807,2426,18,180,154
36081056400,1216,269,55,287,405
36061023900,3433,453,743,166,1902
36061024500,15041,2224,1688,507,10342
36047054500,7650,4961,1172,40,1471
36081030904,2691,691,10,841,993
36081030905,2860,347,77,957,1423
36047069602,5748,3022,1586,424,579
36047070601,3468,2672,193,66,189
36081069000,4213,168,3618,25,213
36081069400,3607,176,2810,81,406
36085014100,2463,822,433,317,771
36085014700,3288,2829,102,37,300
36085017016,4758,3921,0,253,475
36005005600,2168,64,344,157,1388
36005006200,6710,108,1942,0,4660
36081127700,3331,2418,391,414,87
36061001300,4844,2865,348,1053,275
36061002100,7379,5043,486,965,671
36005021601,4625,57,892,388,3158
36005021602,6195,149,1684,1989,1997
36061024302,7183,110,2796,108,3972
36081138502,94,63,4,8,19
36081152901,6291,1778,378,3753,348
36081047600,1496,641,173,555,99
36047014102,2027,912,0,381,546
36047010100,4393,1128,137,182,2809
36081024300,5203,1082,76,1736,2203
36081048900,1609,114,21,726,748
36047014500,4048,2539,61,304,941
36047011700,2961,1114,154,340,1209
36047014300,4000,1891,203,297,1394
36005021001,8111,180,3957,553,3275
36005023800,2480,462,361,213,1361
36061000202,6789,1799,1155,1191,2594
36047002100,5540,3697,373,1016,231
36047038700,4157,920,2004,592,528
36047039500,3838,1460,954,110,1214
36047028900,3782,465,2317,80,776
36047039300,4284,1219,565,489,1899
36005009302,566,71,235,18,237
36081003600,3811,448,136,968,2174
36047118600,3516,101,1043,975,1282
36047032700,2870,658,1655,61,453
36005003500,3880,105,952,0,2799
36005007300,4301,36,1455,0,2674
36085007500,4269,1829,1009,138,883
36085007700,1646,123,780,84,654
36081001902,4143,1563,51,2159,196
36081047500,5178,350,61,3075,1663
36081068700,4354,1329,35,1881,1061
